{
  "configurations": [
    {
      "inheritEnvironments": [
        "msvc_x86"
      ],
      "name": "x86-Debug",
      "includePath": [
        "${env.INCLUDE}",
        "${workspaceRoot}\\..\\q2pro-mgw-sdk\\inc",
        "${workspaceRoot}\\..\\q2pro-mgw-sdk\\lib",
        "${workspaceRoot}\\**",
        "${projectRoot}",
        "${projectRoot}\\..\\q2pro-mgw-sdk"
      ],
      "defines": [
        "WIN32",
        //"_DEBUG",
        "UNICODE",
        "_UNICODE",
        "USE_CLIENT",
        "USE_REF",
        "USE_JPG",
        "CONFIG_X86_GAME_ABI_HACK",
        "USE_PNG",
        "USE_ZLIB",
        "USE_VISUAL_STUDIO"
      ],
      "intelliSenseMode": "windows-msvc-x86"
    }
  ]
}